participant_id	age	sex	
sub-P001	12	M	
sub-P002	10	F	
sub-P003	12	F	
sub-P004	13	M	
sub-P005	16	M	
sub-P006	14	M	
sub-P007	9	M	
sub-P008	17	M	
sub-P009	16	M	
sub-P010	8	F	
sub-P011	11	M	
sub-P012	9	M	
sub-P013	10	M	
sub-P014	17	F	
sub-P015	17	F	
sub-P016	6	F
sub-P017	16	F
sub-P018	17	F
sub-P019	15	M
sub-P020	10	F
sub-P021	12	M
sub-P022	8	M
sub-P023	11	M
sub-P024	17	M
sub-P025	17	F
sub-P026	17	F
sub-P027	9	M
sub-P028	17	F
sub-P029	17	F
sub-P030	17	F
sub-P031	17	F
sub-P032	18	F
sub-P033	10	M
sub-P034	12	M
sub-P035	11	M
sub-P036	9	M
sub-P037	17	M
sub-P038	14	M
sub-P039	5	M
sub-P040	15	M
sub-P041	15	M
sub-P042	16	F
sub-P043	5	M
sub-P044	8	F
sub-P045	6	M
sub-P046	7	F
sub-P047	10	M