onset	duration	trial_type	value	sample
0.69921875	0.0	Trial Started	1	179
6.71484375	0.0	ssvep,2,1,10, Contrast2Size1	8	1719
11.71875	0.0	getting score	3	3000
22.25390625	0.0	stimulus ended	37	5697
27.265625	0.0	baseline ended	2	6980
27.265625	0.0	ssvep,2,1,10, Contrast4Size1	14	6980
32.265625	0.0	getting score	3	8260
38.22265625	0.0	stimulus ended	37	9785
43.234375	0.0	baseline ended	2	11068
43.234375	0.0	ssvep,2,1,10, Stim1: Contrast2Size1, Stim2: Contrast4Size1	25	11068
53.609375	0.0	off	4	13724
63.61328125	0.0	ssvep,2,1,10, Contrast2Size2	9	16285
68.6171875	0.0	getting score	3	17566
73.39453125	0.0	stimulus ended	37	18789
78.4140625	0.0	baseline ended	2	20074
78.4140625	0.0	ssvep,2,1,10, Contrast3Size3	13	20074
83.41796875	0.0	getting score	3	21355
85.515625	0.0	stimulus ended	37	21892
90.51953125	0.0	baseline ended	2	23173
90.51953125	0.0	ssvep,2,1,10, Stim1: Contrast2Size2, Stim2: Contrast3Size3	28	23173
103.44921875	0.0	off	4	26483
113.453125	0.0	ssvep,2,1,10, Contrast1Size3	7	29044
118.45703125	0.0	getting score	3	30325
120.39453125	0.0	stimulus ended	37	30821
125.40625	0.0	baseline ended	2	32104
125.40625	0.0	ssvep,2,1,10, Contrast4Size3	16	32104
130.41015625	0.0	getting score	3	33385
132.171875	0.0	stimulus ended	37	33836
137.18359375	0.0	baseline ended	2	35119
137.18359375	0.0	ssvep,2,1,10, Stim1: Contrast1Size3, Stim2: Contrast4Size3	23	35119
145.140625	0.0	off	4	37156
155.14453125	0.0	ssvep,2,1,10, Contrast3Size1	11	39717
160.1484375	0.0	getting score	3	40998
161.62109375	0.0	stimulus ended	37	41375
166.62890625	0.0	baseline ended	2	42657
166.62890625	0.0	ssvep,2,1,10, Contrast2Size3	10	42657
171.6328125	0.0	getting score	3	43938
172.86328125	0.0	stimulus ended	37	44253
177.8828125	0.0	baseline ended	2	45538
177.8828125	0.0	ssvep,2,1,10, Stim1: Contrast3Size1, Stim2: Contrast2Size3	29	45538
180.98046875	0.0	off	4	46331
190.9921875	0.0	ssvep,2,1,10, Contrast1Size1	5	48894
195.9921875	0.0	getting score	3	50174
197.44140625	0.0	stimulus ended	37	50545
202.45703125	0.0	baseline ended	2	51829
202.4609375	0.0	ssvep,2,1,10, Contrast1Size2	6	51830
207.46484375	0.0	getting score	3	53111
207.875	0.0	stimulus ended	37	53216
212.89453125	0.0	baseline ended	2	54501
212.89453125	0.0	ssvep,2,1,10, Stim1: Contrast1Size1, Stim2: Contrast1Size2	17	54501
216.08984375	0.0	off	4	55319
228.11328125	0.0	ssvep,2,1,10, Contrast3Size2	12	58397
233.1171875	0.0	getting score	3	59678
233.46875	0.0	stimulus ended	37	59768
238.48046875	0.0	baseline ended	2	61051
238.48046875	0.0	ssvep,2,1,10, Contrast4Size2	15	61051
243.484375	0.0	getting score	3	62332
244.015625	0.0	stimulus ended	37	62468
249.02734375	0.0	baseline ended	2	63751
249.02734375	0.0	ssvep,2,1,10, Stim1: Contrast3Size2, Stim2: Contrast4Size2	30	63751
251.98046875	0.0	off	4	64507
261.9921875	0.0	ssvep,2,1,10, Contrast4Size1	14	67070
267.0	0.0	getting score	3	68352
267.359375	0.0	stimulus ended	37	68444
272.36328125	0.0	baseline ended	2	69725
272.36328125	0.0	ssvep,2,1,10, Contrast2Size2	9	69725
277.36328125	0.0	getting score	3	71005
279.5625	0.0	stimulus ended	37	71568
284.5703125	0.0	baseline ended	2	72850
284.5703125	0.0	ssvep,2,1,10, Stim1: Contrast4Size1, Stim2: Contrast2Size2	32	72850
295.0703125	0.0	off	4	75538
305.0859375	0.0	ssvep,2,1,10, Contrast4Size3	16	78102
310.08984375	0.0	getting score	3	79383
311.8984375	0.0	stimulus ended	37	79846
316.91015625	0.0	baseline ended	2	81129
316.91015625	0.0	ssvep,2,1,10, Contrast3Size1	11	81129
321.9140625	0.0	getting score	3	82410
323.28515625	0.0	stimulus ended	37	82761
328.29296875	0.0	baseline ended	2	84043
328.29296875	0.0	ssvep,2,1,10, Stim1: Contrast4Size3, Stim2: Contrast3Size1	36	84043
332.03125	0.0	off	4	85000
342.04296875	0.0	ssvep,2,1,10, Contrast1Size1	5	87563
347.04296875	0.0	getting score	3	88843
348.8046875	0.0	stimulus ended	37	89294
353.80859375	0.0	baseline ended	2	90575
353.80859375	0.0	ssvep,2,1,10, Contrast4Size2	15	90575
358.81640625	0.0	getting score	3	91857
359.265625	0.0	stimulus ended	37	91972
364.27734375	0.0	baseline ended	2	93255
364.27734375	0.0	ssvep,2,1,10, Stim1: Contrast1Size1, Stim2: Contrast4Size2	20	93255
367.3828125	0.0	off	4	94050
377.39453125	0.0	ssvep,2,1,10, Contrast4Size1	14	96613
382.3984375	0.0	getting score	3	97894
384.08984375	0.0	stimulus ended	37	98327
389.10546875	0.0	baseline ended	2	99611
389.10546875	0.0	ssvep,2,1,10, Contrast3Size1	11	99611
394.10546875	0.0	getting score	3	100891
395.75390625	0.0	stimulus ended	37	101313
400.77734375	0.0	baseline ended	2	102599
400.77734375	0.0	ssvep,2,1,10, Stim1: Contrast4Size1, Stim2: Contrast3Size1	33	102599
403.8203125	0.0	off	4	103378
415.83984375	0.0	ssvep,2,1,10, Contrast4Size2	15	106455
420.83984375	0.0	getting score	3	107735
422.76953125	0.0	stimulus ended	37	108229
427.78515625	0.0	baseline ended	2	109513
427.78515625	0.0	ssvep,2,1,10, Contrast4Size1	14	109513
432.7890625	0.0	getting score	3	110794
434.671875	0.0	stimulus ended	37	111276
439.6875	0.0	baseline ended	2	112560
439.6875	0.0	ssvep,2,1,10, Stim1: Contrast4Size2, Stim2: Contrast4Size1	34	112560
442.1953125	0.0	off	4	113202
452.2109375	0.0	ssvep,2,1,10, Contrast2Size1	8	115766
457.21875	0.0	getting score	3	117048
459.23828125	0.0	stimulus ended	37	117565
464.2421875	0.0	baseline ended	2	118846
464.2421875	0.0	ssvep,2,1,10, Contrast3Size3	13	118846
469.25	0.0	getting score	3	120128
472.5703125	0.0	stimulus ended	37	120978
477.5859375	0.0	baseline ended	2	122262
477.5859375	0.0	ssvep,2,1,10, Stim1: Contrast2Size1, Stim2: Contrast3Size3	24	122262
481.1484375	0.0	off	4	123174
491.15234375	0.0	ssvep,2,1,10, Contrast1Size3	7	125735
496.16015625	0.0	getting score	3	127017
497.8515625	0.0	stimulus ended	37	127450
502.8671875	0.0	baseline ended	2	128734
502.8671875	0.0	ssvep,2,1,10, Contrast2Size3	10	128734
507.8671875	0.0	getting score	3	130014
509.34375	0.0	stimulus ended	37	130392
514.36328125	0.0	baseline ended	2	131677
514.36328125	0.0	ssvep,2,1,10, Stim1: Contrast1Size3, Stim2: Contrast2Size3	22	131677
524.29296875	0.0	off	4	134219
534.30859375	0.0	ssvep,2,1,10, Contrast1Size2	6	136783
539.31640625	0.0	getting score	3	138065
540.7734375	0.0	stimulus ended	37	138438
545.7890625	0.0	baseline ended	2	139722
545.7890625	0.0	ssvep,2,1,10, Contrast3Size2	12	139722
550.7890625	0.0	getting score	3	141002
553.484375	0.0	stimulus ended	37	141692
558.50390625	0.0	baseline ended	2	142977
558.50390625	0.0	ssvep,2,1,10, Stim1: Contrast1Size2, Stim2: Contrast3Size2	21	142977
561.19921875	0.0	off	4	143667
571.21875	0.0	ssvep,2,1,10, Contrast2Size2	9	146232
576.22265625	0.0	getting score	3	147513
577.94140625	0.0	stimulus ended	37	147953
582.9609375	0.0	baseline ended	2	149238
582.9609375	0.0	ssvep,2,1,10, Contrast2Size1	8	149238
587.9609375	0.0	getting score	3	150518
590.24609375	0.0	stimulus ended	37	151103
595.265625	0.0	baseline ended	2	152388
595.265625	0.0	ssvep,2,1,10, Stim1: Contrast2Size2, Stim2: Contrast2Size1	27	152388
600.47265625	0.0	off	4	153721
612.4921875	0.0	ssvep,2,1,10, Contrast4Size3	16	156798
617.49609375	0.0	getting score	3	158079
621.83984375	0.0	stimulus ended	37	159191
626.85546875	0.0	baseline ended	2	160475
626.85546875	0.0	ssvep,2,1,10, Contrast2Size3	10	160475
631.85546875	0.0	getting score	3	161755
633.3984375	0.0	stimulus ended	37	162150
638.40234375	0.0	baseline ended	2	163431
638.40234375	0.0	ssvep,2,1,10, Stim1: Contrast4Size3, Stim2: Contrast2Size3	35	163431
640.6640625	0.0	off	4	164010
650.67578125	0.0	ssvep,2,1,10, Contrast1Size1	5	166573
655.67578125	0.0	getting score	3	167853
657.37890625	0.0	stimulus ended	37	168289
662.3828125	0.0	baseline ended	2	169570
662.3828125	0.0	ssvep,2,1,10, Contrast3Size2	12	169570
667.38671875	0.0	getting score	3	170851
670.2265625	0.0	stimulus ended	37	171578
675.2421875	0.0	baseline ended	2	172862
675.2421875	0.0	ssvep,2,1,10, Stim1: Contrast1Size1, Stim2: Contrast3Size2	19	172862
677.8515625	0.0	off	4	173530
687.859375	0.0	ssvep,2,1,10, Contrast2Size1	8	176092
692.859375	0.0	getting score	3	177372
694.91015625	0.0	stimulus ended	37	177897
699.91796875	0.0	baseline ended	2	179179
699.91796875	0.0	ssvep,2,1,10, Contrast4Size3	16	179179
704.921875	0.0	getting score	3	180460
706.94921875	0.0	stimulus ended	37	180979
711.95703125	0.0	baseline ended	2	182261
711.95703125	0.0	ssvep,2,1,10, Stim1: Contrast2Size1, Stim2: Contrast4Size3	26	182261
714.66796875	0.0	off	4	182955
724.67578125	0.0	ssvep,2,1,10, Contrast1Size1	5	185517
729.67578125	0.0	getting score	3	186797
731.546875	0.0	stimulus ended	37	187276
736.55078125	0.0	baseline ended	2	188557
736.55078125	0.0	ssvep,2,1,10, Contrast2Size1	8	188557
741.55859375	0.0	getting score	3	189839
744.81640625	0.0	stimulus ended	37	190673
749.83203125	0.0	baseline ended	2	191957
749.83203125	0.0	ssvep,2,1,10, Stim1: Contrast1Size1, Stim2: Contrast2Size1	18	191957
752.97265625	0.0	off	4	192761
762.98828125	0.0	ssvep,2,1,10, Contrast4Size1	14	195325
767.98828125	0.0	getting score	3	196605
769.5234375	0.0	stimulus ended	37	196998
774.53515625	0.0	baseline ended	2	198281
774.53515625	0.0	ssvep,2,1,10, Contrast2Size1	8	198281
779.54296875	0.0	getting score	3	199563
781.0703125	0.0	stimulus ended	37	199954
786.0859375	0.0	baseline ended	2	201238
786.0859375	0.0	ssvep,2,1,10, Stim1: Contrast4Size1, Stim2: Contrast2Size1	31	201238
788.80859375	0.0	off	4	201935
